{"log_evidence": 224.44531314577756, "total_samples": 40690, "unconverged_sample_size": 1, "time": "0:06:38.700307", "number_live_points": 100}