{"log_evidence": -7.839576593353394, "total_samples": 7033, "unconverged_sample_size": 1, "time": "0:01:12.841704", "number_live_points": 50}