{"log_evidence": 214.97435809782132, "total_samples": 55540, "unconverged_sample_size": 1, "time": "0:09:27.805596", "number_live_points": 150}