{"log_evidence": 1549.974534111099, "total_samples": 26622, "unconverged_sample_size": 1, "time": "0:04:38.144302", "number_live_points": 50}