{"log_evidence": -7.12763102979107, "total_samples": 7005, "unconverged_sample_size": 1, "time": "0:01:12.229394", "number_live_points": 50}