{"log_evidence": -1216.6969438521257, "total_samples": 17924, "unconverged_sample_size": 1, "time": "0:06:06.347117", "number_live_points": 50}