{"log_evidence": -199.30644709054746, "total_samples": 109609, "unconverged_sample_size": 1, "time": "0:21:52.009372", "number_live_points": 100}