{"log_evidence": -386.0925724048184, "total_samples": 115911, "unconverged_sample_size": 1, "time": "0:20:34.520555", "number_live_points": 500}