{"log_evidence": -3082.463022353895, "total_samples": 75650, "unconverged_sample_size": 1, "time": "0:14:35.026111", "number_live_points": 150}