{"log_evidence": -9.68281974017269, "total_samples": 9148, "unconverged_sample_size": 1, "time": "0:04:48.845748", "number_live_points": 50}