{"log_evidence": -1221.7832753597672, "total_samples": 38162, "unconverged_sample_size": 1, "time": "0:34:10.586797", "number_live_points": 150}