{"log_evidence": 1002.2934483989093, "total_samples": 50925, "unconverged_sample_size": 1, "time": "0:08:48.876560", "number_live_points": 150}