{"log_evidence": -233.167303176965, "total_samples": 78333, "unconverged_sample_size": 1, "time": "0:13:19.474038", "number_live_points": 200}