{"log_evidence": -7.457467597238241, "total_samples": 5804, "unconverged_sample_size": 1, "time": "0:00:52.718667", "number_live_points": 50}