{"log_evidence": 599.7262025199758, "total_samples": 94186, "unconverged_sample_size": 1, "time": "0:16:53.414943", "number_live_points": 150}