{"log_evidence": -1213.5140630241935, "total_samples": 20950, "unconverged_sample_size": 1, "time": "0:07:48.507026", "number_live_points": 50}